{
  "project_info": {
    "project_number": "184790003674",
    "firebase_url": "https://staff-shift-management.firebaseio.com",
    "project_id": "staff-shift-management",
    "storage_bucket": "staff-shift-management.appspot.com"
  },
  "client": [
    {
      "client_info": {
        "mobilesdk_app_id": "1:184790003674:android:0417b976ae5edbd1f21ae3",
        "android_client_info": {
          "package_name": "jp.ac.dhw.a18dc593.staffshiftmanagement"
        }
      },
      "oauth_client": [
        {
          "client_id": "184790003674-ehb1rt3ca166mqnc36r7g0fbjtpieivi.apps.googleusercontent.com",
          "client_type": 3
        }
      ],
      "api_key": [
        {
          "current_key": "AIzaSyBXinMELZA3HQwyk5D-syF0IGuXPAejpT4"
        }
      ],
      "services": {
        "appinvite_service": {
          "other_platform_oauth_client": [
            {
              "client_id": "184790003674-ehb1rt3ca166mqnc36r7g0fbjtpieivi.apps.googleusercontent.com",
              "client_type": 3
            }
          ]
        }
      }
    }
  ],
  "configuration_version": "1"
}